1;Soft;Kecsketejes krém;150 ml;1900 Ft/db;"Száraz kezekre, sarokra, ekcéma, pikkelysömör, zsíroxidációs azaz (öregségi) foltokra, égésre, 
műtéti hegekre, babapopsira. A kecsketej magas elektrolit tartalmának köszönhetően kiválóan alkalmas a gyulladt, irritált bőr megnyugtatására, a bőrallergia, ekcéma és kiütések enyhítésére. A kecsketej különösen finoman bánik a bőrrel. Kalcium tartalmával egészségesebbé, puhábbá tesz a bőrt.";
2;Soft;Vadgesztenyés krém;150 ml;1900 Ft/db;Visszerekre, fájós lábakra, az érfalak rugalmasságának megőrzésére, rozáceás bőrre.;
3;Soft;Kollagénes ránctalanító krém;150 ml;1900 Ft/db;Feszesítő, hidratáló. Segít megelőzni a bőr kiszáradását, valamint nyugtatja az irritált bőrt.;
4;Soft;Kurkumás krém;150 ml;1900 Ft/db;"Ízületi kopás, gyulladás és fájdalom ellen, bőrnyugtató, kollagén termelést segítő, 
segíti a kötőszövet képződést, a kurkumin segíti a véráramlást.";
5;Soft;Fenyőrügyes krém;150 ml;1900 Ft/db;"Ásványi anyagokban, vitaminokban (C-, B2-, K-vitamin) karotinoidokban, illóolajokban gazdag. 
 Enyhítheti a reumás fájdalmakat. Antibakteriális, gyulladáscsökkentő. Repedezett sarokra, bőrkeményedésekre is jó lehet.";
6;Soft;Orchideás-kollagénes krém;150 ml;1900 Ft/db;"Regenerálja a környezeti és a hormonális változások okozta bőrkárosodást. 
Segíti a sejtmegújulást, csökkenti az öregedést, a bőrnek vitalitást, feszességet biztosít.";
7;Soft;Csigás krém;150 ml;1900 Ft/db;"Csiganyálka, allantoin hatóanyaggal. Hatására a bőrsejtekben protein képződik, és a bőr regenerálódik. 
Ápolja az érett bőrt, csökkenti a ráncokat, bőrfeszesítő hatású, kiváló szemkörnyék ápoló. Megújítja a bőrsejteket, gyógyítja a sebeket, eltünteti a műtéti és az égési sérülések hegeit, a bőrt puhítja, a sebeket nem engedi elfertőződni.  ";
8;Soft;Körömvirágos krém;150 ml;1900 Ft/db;Magas antioxidáns tartalmú, segíthet megakadályozni a szabad gyökök okozta bőrkárosodásokat, gyulladásgátló és antibakteriális. Száraz bőrre, sebgyógyulásra. A krémet használhatjuk, hogy megnyugtassuk az irritált bőrt, a vörös foltokat, az ekcémát. a pikkelysömört.;
9;Soft;Ginzenges krém;150 ml;1900 Ft/db;Bőrpuhító és regeneráló. Hatékonyan táplálja a száraz bőrt, Megelőzhető a bőrkeményedés, a könyök, a kéz, a lábszár, és a sarok kiszáradása. Elősegíti a kollagéntermelést a bőr középső rétegében, így a bőr stabilabbá válik. Semlegesíti a szabad gyököket a bőrben.  Bőrtápláló anyagokban gazdag. ;
10;Kender;HŰSÍTŐ testbalzsam természetes kenderolajjal;220 g;3500 Ft/db;"Hűsítő hatású testbalzsam. Természetes növényi összetevőkkel gazdagított testbalzsam, amelyek ellazítják az izmokat, enyhítik a görcsöket és megszüntetik a fáradtságot a megerőltető edzés után.
A balzsam hatóanyagai:
•  Kenderolaj – enyhíti az ízületi fájdalmakat és az izomduzzanatot.
•  Eukaliptuszolaj – fájdalomcsillapító hatású és elősegíti a vérkeringést.
•  Szegfűszegolaj – érzéstelenítő hatású, enyhíti a fájdalmat és az izomfeszültséget.
•  Panthenol – enyhíti az irritációkat és gyorsítja a sebgyógyulást.
•  Mentol – hűsít és segít enyhíteni az izomfájdalmat.
•  Feketenadálytő levél kivonat – gyorsítja a sebgyógyulást és nyugtató hatású.";
11;Kender;Testbalzsam természetes kenderolajjal 5%;220 g;3500 Ft/db;Csillapítja az izomfeszültséget és az ízületi fájdalmakat. Masszázsra ajánlott, fizikai fáradtság, idegi feszültség és reumás betegségek esetén. Rendszeres használata feszesíti a testet, hidratálja a száraz bőrt.;
12;Egyéb;Fekete nadálytő balzsam;230 g;3500 Ft/db;A fáradt és száraz bőr mindennapos ápolására. Felgyorsítja a bőrszövet regenerálódását, segíti a zúzódások, és duzzanatok csillapítását. A shea vaj összetételéből adódóan még a nagyon száraz bőrt is ápolja és táplálja. Alkalmazása után a bőr láthatóan hidratált, táplált, és sima lesz.;
13;Kender;Krém karbamiddal és kenderolajjal - nagyon száraz bőrre;195 ml;1800 Ft/db;"Intenzíven hidratáló és ápoló krém karbamiddal és kenderolajjal. Még a nagyon száraz bőr ápolására is szolgál, 
beleértve a keratinizálódásra hajlamos bőrt is (sarok, könyök és térd).
Karbamid – intenzív hidratálást és puhítást biztosít, valamint felgyorsítja a bőrkeményedés hámlását.
Kenderolaj – nyugtatja, regenerálja, rugalmassá teszi és helyreállítja a bőr természetes védőrétegét. 
Az első alkalmazás után a bőr sima és puha tapintású marad.
Intenzíven hidratáló és ápoló karbamiddal és kenderolajjal. A nagyon száraz bőr tökéletes ápolása,
beleértve a keratosisra hajlamos bőrt is (sarok, könyök és térd). A karbamid jelenléte intenzív hidratálást és
lágyítást biztosít, valamint felgyorsítja a hámlasztást. A krém formula kenderolajjal dúsított, amely ezenkívül 
nyugtatja, regenerálja, tonizálja és helyreállítja a bőr természetes védőgátját. A bőr sima és puha tapintású 
marad az első alkalmazás után.";
14;Kender;Kender + Probiotics Balzsam - nagyon száraz és viszkető bőr ápolására;50 g;2500 Ft/db;"A bőr intenzív hidratálása egész nap. A balzsamban található aktív összetevőket úgy tervezték, hogy megvédjék a bőr mikrobiomját. Balzsam nagyon száraz és viszkető bőr ápolására.
A kenderolajban és probiotikumokban gazdag innovatív formula intenzíven hidratál, enyhítve a száraz, viszkető 
és hámló bőrt. Jelenleg a készítmény bioaktív posztbiotikus molekulákat tartalmaz, amelyek helyreállítják a 
normál mikroflórát, javítják a bőrgát integritását a fehérje- és lipidszerkezetek termelésének fokozásával, 
valamint felgyorsítják az epidermális megújulás ütemét.
• Kenderolaj - intenzíven hidratál és táplál, gyulladáscsökkentő és antioxidáns tulajdonságokkal rendelkezik, megelőzi a kiszáradást és lerövidíti a sérült bőr gyógyulási idejét.
• Probiotikumok és kenderolaj - erősíti a bőr természetes védőgátját, fenntartja a bőr túlzott kiszáradásának és viszketésének megszüntetéséhez szükséges optimális hidratáltsági szintet.";
15;Egyéb;Borz balzsam;50 g;2500 Ft/db;"A gyógyhatása és értékes gyulladáscsökkentő és immunerősítő hatása összetevőiből ered, ilyenek például a kortikoszteroidok. A többszörösen telítetlen Omega 3 és Omega 6 zsírsavak kiegészítő forrása. A készítmény ezen felül A-vitamint és E-vitamint is tartalmaz.
Érelmeszesedés, tüdő- és légzőszervi betegségek, csökkent immunitás és zavart anyagcsere esetén alkalmazandó. Felvitel után gyorsan felszabadulnak a hatóanyagok, amelyek jótékony hatással vannak a légzési problémákra, segítik a légutak ellazulását, fokozzák a bőr vérkeringését az alkalmazás helyén és segítik a fájó izmok ellazulását.";
16;Egyéb;Tigris balzsam;50 g;2500 Ft/db;"Nyugtató és lazító hatású. Javítja a vérkeringést, jó izomfájdalmakra. Nyugtatja a szúnyogcsípéseket, enyhíti a reumás fájdalmat, megszünteti az izzadságszagot, megnyugtatja a fájó torkot, enyhíti a fejfájást, segít orrdugulás ellen.
Gyógynövényes balzsam, amelynek receptjét a hagyományos tigriskrém összetétele ihlette, olyan illóolajok összetételét tartalmazza, mint a szegfűszegolaj, a fahéjolaj és az eukaliptuszolaj.
Ezek az összetevők gyulladáscsökkentő és fájdalomcsillapító hatást mutatnak. A balzsamban található kámfor felmelegít és javítja a vérkeringést. A mentol frissítő, hűsítő és inhalációs tulajdonságokkal rendelkezik. Gyulladáscsökkentő tulajdonságokkal rendelkezik és enyhíti a fájdalmakat. 
• Mentol - frissítő, nyugtató és nyákoldó hatású a légutakra.
• Kámfor - gyulladáscsökkentő, melegítő és nyugtató tulajdonságokkal rendelkezik, és segít a légutak tehermentesítésében.
• Borsmenta kivonat - hűsítő, frissítő, nyugtató és gyulladáscsökkentő hatású.
• Eukaliptuszolaj - fertőtlenítő, gyulladáscsökkentő és frissítő.";
17;Kender;Ajakápoló balzsam kendermagolajjal és E-vitaminnal;4,5 g;800 Ft/db;Intenzíven ápolja és táplálja a száraz, kirepedezett ajkakat. Természetes összetevőinek köszönhetően mélyen hidratálja az érzékeny ajkakat, miközben segít visszaadni puhaságukat és rugalmasságukat.;
18;Egyéb;Ajakápoló balzsam aloe verával;4,5 g;800 Ft/db;Az aloe vera kiválóan alkalmas a száraz, kicserepesedett ajkak ápolására. Gyulladáscsökkentő, hidratáló és hűsítő hatásának köszönhetően elősegíti a berepedezett bőr regenerációját.;
19;Kender;Kenderolaj 100%;30 ml;2500 Ft/db;"100 % kenderolaj - kendermag (Cannabis Sativa) préselésével nyerik. A tiszta olaj önmagában természetes kozmetikum lehet a test- és 
hajápoláshoz. Ideális kiegészítő a késztermékek gazdagításához. A kenderolaj értékes tulajdonságai közvetlenül annak összetételéből adódnak. Csaknem 80 %-ban esszenciális zsírsavakból, Omega 3 és Omega 6 zsírsavakból áll. Az olaj A-, E- és K-vitamin, valamint B-vitaminok, ásványi anyagok (kalcium, magnéziuk, cink és foszfor), aminosavak és fitoszterolok gazdag forrása. A rengeteg hasznos összetevő a kenderolajat multifunkcionális termékké teszi a test és a haj mindennapi ápolásában. A kenderolaj főbb tulajdonságai:
• Regeneráló hatás és az öregedés korai jeleinek ellensúlyozása.
• Hidratáló hatás és a bőr rugalmasságának javítás. 
• A bőr külső tényezőkkel szembeni ellenállóképességének javítása (szél, fagy, napsütés).
• A bőrgyulladás enyhítése.
• A bőrfelület puhítása és simítása.
• Az arc faggyúkiválasztásának szabályozása.
• A haj töredezettségének csökkentése.
•  A fejbőr irritációjának csökkentése.
• Visszaállítja a haj rugalmasságát és fényét, és stimulálja a haj növekedését.
";
